rainfall_mm,river_water_level,relative_river_level_m,soil_moisture_percent,slope_angle_degrees,wind_speed_kmh,vegetation_density_ndvi,soil_type_idx,soil_texture_idx,lithology_idx,disaster_occurred
116.4,51.2,6.2,67.5,0.3,28.6,0.4,3,1,3,1
131.8,50.9,5.9,73.6,0.9,13.8,0.5,2,3,3,1
7.8,43.5,-1.5,19.9,53.3,8.7,0.78,1,1,1,0
48.7,43.6,-1.4,40.5,54.7,38.2,0.55,2,3,1,0
49.3,43.3,-1.7,47.0,45.2,20.2,0.74,1,2,1,0
34.2,43.4,-1.6,36.4,30.7,26.4,0.43,2,1,1,0
22.3,45.7,0.7,35.8,4.6,36.0,0.7,3,1,3,0
37.7,46.5,1.5,31.4,8.1,31.2,0.41,3,2,3,0
37.4,43.7,-1.3,36.6,30.0,19.5,0.57,1,1,1,0
34.0,40.8,-4.2,31.3,28.2,28.8,0.64,1,2,1,0
13.3,43.4,-1.6,17.6,59.0,22.4,0.66,1,2,1,0
20.3,43.4,-1.6,30.6,9.5,38.7,0.69,3,3,3,0
21.2,43.0,-2.0,25.0,1.5,5.8,0.52,2,2,3,0
3.5,40.4,-4.6,26.7,33.4,10.1,0.7,1,2,1,0
30.2,45.8,0.8,36.3,2.7,21.0,0.69,3,3,3,0
121.7,41.2,-3.8,70.4,40.3,5.3,0.21,2,3,1,1
138.1,51.0,6.0,69.5,2.3,10.3,0.64,2,3,3,1
154.5,41.0,-4.0,81.1,33.5,34.2,0.18,2,3,2,1
130.7,50.6,5.6,65.1,0.6,12.3,0.62,3,2,3,1
22.0,43.2,-1.8,38.8,8.7,38.4,0.48,2,1,3,0
36.1,43.7,-1.3,24.5,1.7,20.6,0.49,3,2,3,0
2.9,40.9,-4.1,12.4,39.8,17.5,0.69,2,1,1,0
134.9,44.8,-0.2,77.5,42.6,14.4,0.22,1,1,1,1
23.3,45.1,0.1,38.0,5.8,13.2,0.55,2,3,3,0
15.8,43.4,-1.6,17.8,33.4,23.3,0.7,2,3,1,0
155.8,49.2,4.2,77.2,0.7,16.4,0.5,2,2,3,1
190.3,44.7,-0.3,100.0,46.4,34.7,0.15,1,1,2,1
13.2,41.0,-4.0,33.4,34.9,38.8,0.6,1,1,2,0
198.4,41.7,-3.3,98.2,54.0,33.2,0.13,1,3,1,1
23.3,43.6,-1.4,21.9,1.1,17.3,0.52,2,1,3,0
43.7,41.8,-3.2,42.5,32.4,42.0,0.79,1,1,1,0
217.9,50.0,5.0,100.0,9.8,37.1,0.65,2,3,3,1
175.3,49.6,4.6,98.5,2.7,19.0,0.45,2,1,3,1
2.8,46.1,1.1,18.1,0.2,25.4,0.46,2,3,3,0
13.3,40.9,-4.1,24.0,57.9,34.1,0.44,1,2,2,0
2.2,44.5,-0.5,21.3,46.2,37.3,0.57,1,3,2,0
24.9,45.7,0.7,22.5,3.6,41.0,0.68,2,3,3,0
9.6,43.5,-1.5,21.4,48.3,34.9,0.67,2,1,2,0
29.0,41.4,-3.6,30.9,39.2,22.7,0.66,1,1,2,0
31.0,41.4,-3.6,41.4,52.8,14.4,0.44,1,2,1,0
19.0,46.4,1.4,19.1,8.1,21.6,0.31,2,3,3,0
26.2,43.0,-2.0,35.5,7.2,35.8,0.5,3,1,3,0
6.1,42.8,-2.2,21.7,32.7,26.2,0.45,2,3,1,0
44.9,44.2,-0.8,37.5,58.3,15.4,0.7,2,1,2,0
142.9,41.4,-3.6,73.6,51.8,26.6,0.15,2,1,1,1
165.2,50.6,5.6,84.4,2.3,13.3,0.58,2,2,3,1
14.9,42.4,-2.6,33.8,56.7,38.4,0.56,1,3,2,0
153.8,51.0,6.0,79.6,4.9,11.6,0.47,3,2,3,1
26.5,43.3,-1.7,29.2,9.8,39.7,0.66,2,1,3,0
30.4,44.5,-0.5,37.2,2.6,38.3,0.38,3,2,3,0
26.0,46.1,1.1,33.4,4.7,35.2,0.7,2,1,3,0
4.6,46.8,1.8,21.1,8.4,15.2,0.4,2,2,3,0
12.4,45.3,0.3,33.5,6.1,28.0,0.61,2,2,3,0
12.1,43.0,-2.0,20.9,58.0,32.4,0.68,1,1,1,0
203.6,49.0,4.0,99.8,3.5,24.6,0.56,3,2,3,1
48.3,42.2,-2.8,45.5,47.2,26.5,0.51,2,2,1,0
4.3,44.3,-0.7,16.6,40.2,23.6,0.75,2,3,2,0
39.9,40.9,-4.1,43.6,36.8,33.0,0.54,2,2,2,0
19.5,46.0,1.0,31.6,5.2,30.8,0.33,2,2,3,0
15.3,41.1,-3.9,25.6,52.8,26.2,0.63,1,2,2,0
36.1,41.5,-3.5,39.3,37.3,43.0,0.53,2,3,2,0
30.4,45.4,0.4,41.8,1.9,38.3,0.41,3,2,3,0
11.0,46.9,1.9,25.5,3.6,32.9,0.31,3,1,3,0
9.2,42.3,-2.7,32.5,28.6,24.1,0.42,1,1,2,0
15.2,40.7,-4.3,18.4,42.2,35.6,0.8,1,3,1,0
34.4,47.0,2.0,29.9,7.8,29.8,0.48,3,3,3,0
3.2,44.0,-1.0,22.3,9.5,11.3,0.55,2,2,3,0
14.1,40.2,-4.8,17.1,49.1,14.3,0.74,2,2,2,0
33.1,43.3,-1.7,26.6,4.3,17.3,0.56,2,3,3,0
25.0,43.5,-1.5,21.6,40.4,6.6,0.6,2,2,2,0
43.0,41.1,-3.9,27.6,46.1,35.6,0.63,1,2,1,0
36.6,43.7,-1.3,36.3,7.6,30.4,0.49,2,2,3,0
34.3,44.3,-0.7,37.6,4.7,16.5,0.43,3,2,3,0
223.6,51.6,6.6,100.0,4.5,5.0,0.4,3,3,3,1
22.1,43.1,-1.9,24.2,39.5,10.2,0.42,1,2,2,0
40.0,40.1,-4.9,32.2,55.8,5.5,0.68,2,2,1,0
233.1,50.5,5.5,100.0,2.2,25.4,0.48,2,2,3,1
135.2,42.3,-2.7,79.0,54.2,10.5,0.22,2,1,1,1
41.0,44.7,-0.3,32.4,52.0,28.5,0.51,2,3,2,0
27.2,41.7,-3.3,27.3,55.3,12.5,0.58,2,3,2,0
12.7,44.9,-0.1,33.3,5.7,20.2,0.64,2,3,3,0
13.3,43.4,-1.6,32.2,5.0,9.0,0.35,2,2,3,0
3.0,46.1,1.1,16.5,7.2,29.9,0.65,3,2,3,0
35.5,45.0,0.0,35.0,8.5,29.7,0.68,3,1,3,0
35.2,44.9,-0.1,27.4,59.9,17.0,0.44,1,1,2,0
5.8,45.1,0.1,23.6,3.2,36.7,0.42,2,1,3,0
36.5,43.6,-1.4,33.8,0.8,15.2,0.55,3,2,3,0
6.3,44.8,-0.2,19.4,9.0,28.5,0.66,3,3,3,0
24.2,41.0,-4.0,31.1,49.2,28.0,0.49,2,3,2,0
38.9,40.0,-5.0,43.8,25.8,34.8,0.79,2,2,2,0
10.0,46.0,1.0,29.3,6.1,32.2,0.39,3,1,3,0
23.2,45.9,0.9,21.1,9.0,16.8,0.42,2,3,3,0
41.5,42.7,-2.3,43.1,31.1,24.3,0.5,1,2,2,0
43.0,40.7,-4.3,46.8,53.1,43.7,0.69,2,3,1,0
149.5,41.3,-3.7,75.0,28.2,20.2,0.25,2,3,1,1
28.1,40.1,-4.9,25.7,28.8,7.5,0.77,1,2,2,0
199.7,40.2,-4.8,94.6,47.7,26.5,0.12,1,2,1,1
41.7,44.4,-0.6,45.5,38.0,16.2,0.65,2,3,1,0
174.9,44.3,-0.7,99.5,32.6,19.3,0.21,2,2,1,1
32.0,40.5,-4.5,23.8,31.6,18.3,0.79,1,1,2,0
9.3,46.1,1.1,29.5,0.7,28.8,0.53,2,2,3,0
238.6,49.4,4.4,100.0,9.9,36.5,0.62,3,3,3,1
5.7,40.6,-4.4,21.2,25.6,19.5,0.43,2,3,1,0
225.3,51.6,6.6,100.0,4.5,23.3,0.68,2,1,3,1
214.0,50.3,5.3,100.0,10.0,17.9,0.47,3,1,3,1
11.8,45.0,0.0,23.3,1.3,36.7,0.45,3,1,3,0
15.9,45.9,0.9,22.6,4.3,17.5,0.47,2,2,3,0
154.6,40.5,-4.5,79.3,58.4,10.2,0.25,2,1,1,1
21.1,44.4,-0.6,19.5,48.5,16.5,0.77,2,2,2,0
5.4,43.3,-1.7,19.5,28.6,35.5,0.74,1,3,1,0
27.7,43.1,-1.9,26.5,8.1,35.5,0.54,2,2,3,0
48.6,40.3,-4.7,40.0,25.2,20.0,0.44,1,2,2,0
4.2,43.9,-1.1,14.8,30.5,29.7,0.42,2,3,2,0
10.9,46.0,1.0,16.6,2.7,22.2,0.49,3,2,3,0
2.7,41.1,-3.9,30.0,43.4,35.7,0.48,2,2,1,0
19.0,43.7,-1.3,27.6,36.5,38.3,0.68,1,2,2,0
3.1,44.3,-0.7,19.8,4.0,21.2,0.47,2,3,3,0
47.4,44.8,-0.2,42.8,35.1,19.5,0.58,2,2,1,0
12.4,44.4,-0.6,21.6,2.4,11.7,0.51,3,3,3,0
29.1,46.3,1.3,37.9,5.3,14.5,0.66,2,1,3,0
24.7,40.9,-4.1,35.1,31.9,23.0,0.7,1,3,1,0
31.6,42.2,-2.8,34.5,55.2,19.1,0.72,2,1,1,0
32.2,41.8,-3.2,24.7,41.2,28.8,0.79,1,2,1,0
9.4,44.5,-0.5,23.8,45.3,43.3,0.64,1,2,2,0
203.4,49.1,4.1,100.0,8.1,44.6,0.69,3,3,3,1
27.2,43.2,-1.8,33.5,3.6,18.4,0.45,3,2,3,0
26.3,46.6,1.6,38.0,5.6,18.3,0.41,3,3,3,0
15.7,45.4,0.4,35.0,9.2,17.4,0.69,3,2,3,0
144.7,42.5,-2.5,74.7,53.5,35.6,0.29,1,1,2,1
4.0,46.1,1.1,28.3,10.0,40.3,0.33,2,1,3,0
34.6,40.8,-4.2,41.9,55.7,33.8,0.65,1,1,2,0
39.2,43.1,-1.9,30.5,37.8,43.6,0.49,1,2,2,0
15.3,45.1,0.1,35.4,3.7,37.7,0.48,3,3,3,0
22.2,43.4,-1.6,35.8,8.7,39.0,0.56,2,2,3,0
33.2,43.4,-1.6,41.5,7.6,37.7,0.48,3,2,3,0
39.8,44.5,-0.5,26.5,4.1,42.2,0.5,3,3,3,0
34.8,41.4,-3.6,38.0,52.7,22.9,0.46,1,1,1,0
29.1,45.1,0.1,23.9,0.2,16.5,0.63,2,2,3,0
2.5,46.3,1.3,21.0,0.5,26.4,0.56,3,3,3,0
9.6,44.7,-0.3,27.1,7.2,8.4,0.47,3,2,3,0
25.4,46.9,1.9,25.2,9.5,5.6,0.46,2,1,3,0
16.9,40.7,-4.3,33.4,33.4,32.4,0.66,1,3,2,0
1.8,43.6,-1.4,26.5,47.1,40.4,0.48,1,2,1,0
14.3,40.2,-4.8,16.7,43.0,31.2,0.74,2,2,2,0
35.8,44.5,-0.5,43.8,8.0,24.8,0.66,3,2,3,0
168.2,43.6,-1.4,88.2,57.4,17.8,0.26,2,1,1,1
34.5,43.0,-2.0,24.6,48.1,39.8,0.54,2,2,2,0
25.7,43.4,-1.6,23.5,34.6,6.2,0.7,1,3,1,0
19.1,43.9,-1.1,29.7,26.2,32.2,0.63,1,2,1,0
32.5,42.6,-2.4,25.3,40.5,34.4,0.5,1,2,1,0
10.7,43.9,-1.1,28.2,57.0,44.9,0.64,1,1,2,0
17.8,43.4,-1.6,30.8,1.4,38.8,0.48,2,2,3,0
46.4,44.3,-0.7,44.4,49.8,25.4,0.66,2,1,2,0
188.6,50.1,5.1,100.0,7.9,27.1,0.62,2,3,3,1
21.0,46.1,1.1,34.9,0.7,8.0,0.7,3,2,3,0
22.1,45.4,0.4,34.2,4.5,10.2,0.35,3,3,3,0
37.4,43.9,-1.1,43.9,8.3,25.8,0.42,2,2,3,0
21.3,45.0,0.0,21.9,2.5,42.7,0.35,3,1,3,0
33.0,43.1,-1.9,24.1,6.6,30.7,0.64,3,3,3,0
14.5,42.5,-2.5,25.5,47.8,37.2,0.78,2,3,1,0
23.2,40.8,-4.2,22.2,35.4,39.5,0.54,1,2,1,0
139.3,42.6,-2.4,74.7,59.1,10.6,0.12,1,1,2,1
40.7,44.8,-0.2,40.7,58.1,12.6,0.77,2,1,1,0
4.5,44.4,-0.6,20.9,59.9,14.6,0.56,2,3,2,0
33.6,43.0,-2.0,23.6,26.7,9.3,0.51,2,1,2,0
164.9,40.2,-4.8,81.7,50.5,20.5,0.17,2,2,2,1
39.7,44.9,-0.1,44.7,53.9,35.2,0.54,1,1,1,0
23.7,40.7,-4.3,31.6,42.5,25.6,0.58,1,2,1,0
24.5,42.5,-2.5,29.3,30.7,5.7,0.63,2,2,2,0
27.5,43.1,-1.9,30.5,9.8,43.7,0.62,3,3,3,0
24.8,46.4,1.4,22.9,7.2,32.2,0.37,3,1,3,0
27.6,44.6,-0.4,36.5,1.9,41.8,0.43,3,3,3,0
19.1,44.5,-0.5,36.8,7.1,23.4,0.52,2,3,3,0
27.9,41.0,-4.0,40.6,44.1,16.9,0.49,2,2,2,0
37.3,46.2,1.2,30.4,6.9,9.9,0.43,3,3,3,0
14.5,44.8,-0.2,30.1,56.4,18.9,0.52,2,2,2,0
28.1,44.1,-0.9,23.4,51.2,34.6,0.51,1,1,1,0
166.1,51.2,6.2,78.5,0.5,35.8,0.56,2,1,3,1
38.6,44.3,-0.7,38.4,4.1,41.3,0.49,3,1,3,0
35.3,43.7,-1.3,42.5,5.4,44.9,0.67,2,2,3,0
5.4,40.0,-5.0,17.9,31.5,44.6,0.79,2,3,1,0
16.5,41.4,-3.6,29.6,56.1,33.7,0.69,1,1,2,0
20.3,43.1,-1.9,24.7,52.7,21.0,0.57,1,1,1,0
10.4,43.9,-1.1,29.2,9.8,43.2,0.43,3,2,3,0
118.9,49.9,4.9,65.7,2.6,25.1,0.58,3,3,3,1
6.7,43.1,-1.9,27.6,49.2,29.2,0.46,2,2,2,0
39.4,43.4,-1.6,36.3,51.5,19.5,0.61,1,3,1,0
152.5,50.6,5.6,73.3,0.6,13.2,0.53,2,3,3,1
22.8,42.3,-2.7,28.4,28.2,37.3,0.42,2,3,1,0
1.8,44.4,-0.6,12.0,4.0,44.8,0.6,2,1,3,0
48.9,43.8,-1.2,38.0,26.1,44.7,0.66,2,2,1,0
43.7,40.4,-4.6,44.7,55.4,9.7,0.45,2,3,2,0
23.2,43.8,-1.2,27.8,43.5,20.2,0.69,1,1,1,0
29.0,43.5,-1.5,37.8,4.6,21.8,0.41,2,1,3,0
26.9,46.5,1.5,25.7,2.1,6.8,0.54,2,2,3,0
9.4,46.7,1.7,25.3,5.4,28.1,0.36,2,3,3,0
27.8,42.1,-2.9,35.8,33.3,12.0,0.64,1,3,1,0
39.3,44.7,-0.3,34.0,44.5,11.0,0.53,1,2,2,0
34.3,43.6,-1.4,33.0,7.5,7.3,0.4,3,2,3,0
32.3,41.2,-3.8,39.9,44.5,8.7,0.77,1,3,2,0
34.9,43.8,-1.2,39.2,0.5,34.0,0.57,3,3,3,0
8.5,43.8,-1.2,28.2,4.8,34.9,0.42,3,2,3,0
12.9,44.1,-0.9,24.5,7.0,30.9,0.46,2,2,3,0
23.5,40.5,-4.5,37.7,37.6,19.8,0.74,2,2,2,0
188.5,50.8,5.8,99.8,5.6,16.8,0.6,2,1,3,1
16.9,42.8,-2.2,26.5,33.1,33.9,0.71,1,3,2,0
9.2,40.7,-4.3,33.5,41.1,43.3,0.76,2,3,1,0
30.6,44.6,-0.4,39.1,8.4,14.3,0.68,2,3,3,0
26.7,45.5,0.5,30.3,0.1,24.5,0.45,3,1,3,0
33.7,40.1,-4.9,41.7,25.4,9.3,0.72,2,1,2,0
15.9,44.5,-0.5,24.5,2.4,27.6,0.63,3,3,3,0
30.4,43.4,-1.6,29.7,3.0,27.1,0.56,2,1,3,0
31.4,45.3,0.3,39.7,7.0,8.8,0.5,2,3,3,0
27.4,44.1,-0.9,31.8,2.3,31.3,0.41,3,1,3,0
19.9,43.8,-1.2,21.2,25.5,14.6,0.43,1,2,1,0
2.7,42.5,-2.5,27.9,38.4,18.6,0.57,1,3,1,0
22.5,43.2,-1.8,30.1,58.9,20.0,0.49,2,1,1,0
132.3,43.6,-1.4,75.6,28.0,34.6,0.24,2,2,1,1
5.1,42.2,-2.8,20.7,28.7,27.3,0.43,1,3,2,0
39.2,42.8,-2.2,25.9,28.6,21.6,0.75,1,1,2,0
10.8,44.1,-0.9,17.2,5.7,11.7,0.57,2,2,3,0
31.3,41.3,-3.7,26.4,35.5,9.3,0.64,1,2,2,0
34.5,44.8,-0.2,32.4,9.5,37.9,0.64,3,3,3,0
15.9,44.3,-0.7,31.1,3.0,30.3,0.49,2,3,3,0
4.6,45.3,0.3,23.7,3.3,26.8,0.63,3,3,3,0
31.9,46.3,1.3,24.1,9.5,38.9,0.68,3,2,3,0
21.2,41.3,-3.7,27.5,29.9,28.9,0.55,2,3,1,0
44.8,44.0,-1.0,40.7,43.7,8.4,0.61,2,1,1,0
39.8,44.8,-0.2,27.9,30.8,13.9,0.44,1,3,2,0
27.6,43.6,-1.4,41.0,4.5,24.3,0.49,3,2,3,0
17.4,44.2,-0.8,32.6,57.2,25.8,0.54,1,2,1,0
176.9,40.3,-4.7,87.6,28.4,9.4,0.1,2,1,2,1
18.5,46.2,1.2,30.0,5.2,12.5,0.43,2,3,3,0
35.2,43.0,-2.0,39.1,38.8,37.3,0.48,1,1,2,0
4.6,45.7,0.7,21.6,8.0,43.6,0.45,2,2,3,0
8.6,41.8,-3.2,29.5,46.4,41.7,0.67,1,3,2,0
7.3,45.8,0.8,23.1,6.7,21.7,0.35,3,1,3,0
7.0,42.8,-2.2,21.8,39.8,7.1,0.53,2,2,1,0
20.2,45.0,0.0,31.8,4.8,21.6,0.63,2,2,3,0
26.9,41.5,-3.5,29.9,30.9,34.7,0.47,1,2,1,0
14.7,46.3,1.3,16.7,5.7,33.8,0.61,3,3,3,0
9.9,46.5,1.5,14.6,9.9,15.5,0.59,2,1,3,0
34.5,41.0,-4.0,36.0,55.3,22.1,0.74,1,3,1,0
21.3,45.4,0.4,21.9,7.8,44.2,0.62,2,2,3,0
45.9,44.8,-0.2,45.7,45.0,10.1,0.8,1,1,1,0
27.0,45.0,0.0,32.3,1.5,15.7,0.63,3,2,3,0
46.8,42.6,-2.4,47.7,40.8,18.1,0.55,1,1,2,0
34.0,46.2,1.2,31.6,7.3,43.7,0.55,3,1,3,0
188.2,42.7,-2.3,100.0,34.4,35.5,0.26,2,1,2,1
6.3,44.8,-0.2,32.4,6.3,22.1,0.31,3,3,3,0
11.0,45.6,0.6,19.4,8.8,19.9,0.36,3,3,3,0
17.2,43.4,-1.6,18.8,0.5,13.5,0.59,3,1,3,0
32.7,47.0,2.0,31.5,5.9,10.3,0.3,3,1,3,0
12.0,44.5,-0.5,31.1,3.8,40.0,0.34,2,3,3,0
14.0,43.9,-1.1,30.6,0.7,41.8,0.54,2,3,3,0
178.4,40.7,-4.3,89.9,55.1,36.6,0.17,1,1,1,1
42.4,43.9,-1.1,33.0,47.6,25.7,0.66,1,3,2,0
31.8,44.0,-1.0,30.4,7.5,14.6,0.56,3,3,3,0
5.3,46.4,1.4,23.5,5.3,19.6,0.69,2,3,3,0
141.9,49.1,4.1,68.0,7.6,36.6,0.31,2,3,3,1
162.9,43.5,-1.5,80.7,47.0,17.4,0.22,2,3,2,1
25.4,46.3,1.3,33.8,9.7,7.6,0.51,2,3,3,0
5.8,41.2,-3.8,13.4,50.5,31.6,0.64,1,3,1,0
38.1,45.1,0.1,40.9,1.2,33.8,0.58,2,1,3,0
184.6,43.9,-1.1,85.1,29.4,33.5,0.15,2,3,1,1
6.7,43.6,-1.4,28.1,5.0,40.8,0.32,3,3,3,0
9.8,44.9,-0.1,21.6,2.3,11.0,0.32,2,1,3,0
41.3,44.6,-0.4,28.9,32.9,31.9,0.63,1,1,2,0
174.4,49.8,4.8,96.7,2.2,18.1,0.68,2,3,3,1
31.1,42.8,-2.2,34.3,25.3,24.7,0.59,1,1,2,0
25.4,45.8,0.8,20.4,1.5,18.4,0.31,3,3,3,0
21.0,41.0,-4.0,37.9,54.7,10.7,0.78,2,2,1,0
28.0,44.5,-0.5,40.7,0.4,8.4,0.66,2,1,3,0
17.4,46.9,1.9,21.7,6.4,15.4,0.33,3,2,3,0
47.2,42.3,-2.7,44.3,49.5,9.4,0.45,2,1,2,0
38.6,43.8,-1.2,31.6,4.5,15.6,0.46,3,1,3,0
1.6,46.3,1.3,17.2,1.6,8.6,0.63,3,1,3,0
1.6,41.3,-3.7,19.7,38.9,34.9,0.56,1,1,2,0
225.0,49.7,4.7,100.0,4.6,21.0,0.35,2,3,3,1
259.5,49.6,4.6,100.0,5.8,37.4,0.67,3,1,3,1
41.1,40.8,-4.2,27.0,29.3,32.3,0.56,2,1,1,0
1.7,41.4,-3.6,15.6,32.5,16.8,0.65,1,2,2,0
44.2,40.7,-4.3,40.3,27.1,37.1,0.61,2,1,2,0
45.6,42.7,-2.3,36.0,52.4,12.2,0.6,2,2,2,0
21.2,46.1,1.1,38.5,0.3,44.0,0.32,3,1,3,0
29.5,46.1,1.1,40.8,6.6,28.0,0.51,3,2,3,0
36.9,41.2,-3.8,36.6,57.7,33.1,0.54,1,2,1,0
38.8,45.2,0.2,29.0,5.6,6.5,0.63,2,1,3,0
246.9,49.6,4.6,100.0,6.0,33.7,0.51,2,2,3,1
34.4,46.8,1.8,31.2,0.2,42.7,0.61,2,2,3,0
37.9,46.2,1.2,44.4,3.4,31.0,0.35,3,1,3,0
6.4,41.5,-3.5,31.5,32.8,42.9,0.69,1,2,2,0
8.8,45.3,0.3,32.3,1.8,10.6,0.67,3,3,3,0
3.5,45.8,0.8,24.2,2.4,40.5,0.37,3,2,3,0
31.5,45.9,0.9,23.6,2.7,22.5,0.58,2,2,3,0
15.0,46.3,1.3,31.8,8.8,28.1,0.65,3,3,3,0
103.2,49.8,4.8,53.4,1.6,18.7,0.62,2,2,3,1
35.7,45.8,0.8,32.9,7.3,31.1,0.44,2,3,3,0
34.9,41.0,-4.0,38.6,30.5,15.6,0.69,1,2,2,0
7.7,42.9,-2.1,21.6,33.3,16.8,0.54,1,3,2,0
4.1,40.9,-4.1,17.8,32.0,20.9,0.74,1,2,1,0
9.3,41.9,-3.1,22.5,28.2,15.5,0.42,2,2,1,0
21.7,46.9,1.9,30.5,1.5,27.1,0.33,2,2,3,0
192.2,42.4,-2.6,96.9,58.8,41.0,0.24,2,3,1,1
38.9,46.2,1.2,28.1,1.2,21.9,0.37,3,3,3,0
40.4,41.6,-3.4,37.3,32.1,27.1,0.43,1,2,2,0
165.3,40.6,-4.4,95.4,57.1,9.0,0.22,1,1,2,1
26.2,45.3,0.3,29.9,7.9,11.9,0.65,3,2,3,0
13.3,44.0,-1.0,30.2,6.2,41.8,0.32,3,2,3,0
34.3,45.7,0.7,43.2,3.4,14.1,0.42,3,2,3,0
4.5,43.6,-1.4,30.1,52.1,21.3,0.58,2,2,2,0
6.8,41.6,-3.4,30.3,53.7,6.2,0.74,1,1,1,0
157.7,49.6,4.6,80.4,8.4,23.6,0.31,2,2,3,1
7.1,46.5,1.5,24.6,6.8,19.0,0.45,2,1,3,0
188.3,40.1,-4.9,89.6,51.2,13.9,0.26,1,1,2,1
38.7,45.7,0.7,35.0,2.7,10.3,0.51,3,1,3,0
11.0,46.6,1.6,31.4,2.2,23.4,0.59,3,1,3,0
48.3,40.0,-5.0,40.5,35.6,28.8,0.74,2,2,1,0
16.3,41.7,-3.3,29.6,49.0,43.1,0.51,2,3,1,0
30.0,44.0,-1.0,35.6,31.6,33.9,0.66,1,3,1,0
29.2,42.0,-3.0,38.0,59.9,18.7,0.8,2,3,2,0
20.3,46.4,1.4,34.9,6.9,40.1,0.66,3,1,3,0
45.6,43.6,-1.4,46.2,28.4,31.2,0.78,1,1,2,0
13.0,43.9,-1.1,32.2,32.8,23.8,0.52,2,3,2,0
15.3,44.2,-0.8,17.2,4.7,39.2,0.5,2,1,3,0
7.2,43.3,-1.7,19.5,3.4,44.5,0.36,3,2,3,0
23.1,43.6,-1.4,34.9,0.0,36.2,0.38,3,1,3,0
1.9,44.8,-0.2,18.2,47.2,5.6,0.48,2,2,2,0
27.7,44.4,-0.6,23.7,0.2,20.3,0.55,2,3,3,0
26.0,44.7,-0.3,29.1,30.8,32.5,0.61,1,1,2,0
45.3,43.8,-1.2,28.5,59.9,14.0,0.72,2,1,2,0
31.7,44.5,-0.5,35.5,7.3,35.8,0.35,2,3,3,0
0.8,45.8,0.8,18.7,5.9,20.2,0.56,2,3,3,0
15.1,43.5,-1.5,29.3,41.6,15.8,0.66,1,3,1,0
11.3,46.1,1.1,24.5,4.2,29.4,0.5,2,2,3,0
179.4,49.6,4.6,100.0,3.6,18.2,0.42,3,1,3,1
6.0,43.4,-1.6,22.6,6.7,33.9,0.63,2,1,3,0
185.1,41.3,-3.7,100.0,47.6,19.4,0.27,2,3,2,1
0.5,44.3,-0.7,23.1,39.9,18.1,0.46,1,2,1,0
20.0,44.1,-0.9,23.4,55.7,20.4,0.78,1,2,2,0
49.1,40.7,-4.3,31.7,47.7,41.4,0.74,1,2,1,0
44.0,43.1,-1.9,45.4,31.3,24.3,0.69,2,2,2,0
12.6,45.8,0.8,28.6,8.9,35.7,0.32,3,3,3,0
24.7,44.7,-0.3,34.4,9.8,24.3,0.51,3,3,3,0
42.4,43.2,-1.8,44.3,30.2,8.0,0.74,1,2,1,0
18.9,42.5,-2.5,19.1,33.4,22.8,0.73,2,3,1,0
37.3,41.6,-3.4,33.0,28.1,6.4,0.41,2,3,2,0
26.2,44.8,-0.2,27.3,8.3,38.0,0.66,3,1,3,0
180.7,43.6,-1.4,89.1,36.6,38.2,0.14,2,2,2,1
37.1,42.5,-2.5,29.9,49.6,12.8,0.56,1,1,1,0
46.3,40.5,-4.5,40.3,32.5,35.9,0.73,1,2,2,0
27.7,40.0,-5.0,32.8,48.0,42.0,0.57,1,1,2,0
24.2,44.3,-0.7,37.3,7.3,21.7,0.34,2,3,3,0
5.3,44.7,-0.3,26.1,2.7,34.9,0.69,3,2,3,0
34.3,41.0,-4.0,26.4,49.9,33.4,0.77,1,1,1,0
35.5,42.9,-2.1,42.1,49.9,26.4,0.67,2,2,2,0
109.1,49.8,4.8,69.4,5.2,44.3,0.45,2,3,3,1
17.9,41.0,-4.0,29.5,30.1,32.0,0.58,1,3,2,0
32.0,44.2,-0.8,36.1,7.4,42.1,0.4,3,2,3,0
31.0,40.1,-4.9,39.8,58.5,38.2,0.71,2,3,1,0
34.1,41.5,-3.5,27.1,51.4,25.6,0.47,1,2,1,0
10.2,44.3,-0.7,28.3,4.3,11.2,0.35,3,1,3,0
3.6,43.9,-1.1,21.9,45.9,43.3,0.68,2,3,2,0
3.7,43.9,-1.1,15.7,7.9,18.3,0.47,2,2,3,0
12.0,40.6,-4.4,33.2,32.6,14.8,0.66,2,1,1,0
1.2,41.3,-3.7,25.9,38.3,25.6,0.61,1,3,2,0
127.7,41.6,-3.4,76.5,42.0,26.3,0.29,2,3,1,1
4.2,45.2,0.2,25.7,2.1,44.0,0.65,2,2,3,0
1.5,43.3,-1.7,14.2,7.5,15.1,0.31,2,1,3,0
17.3,43.1,-1.9,30.4,9.1,26.4,0.46,3,3,3,0
248.5,49.3,4.3,100.0,7.6,17.1,0.58,2,1,3,1
23.7,42.0,-3.0,22.2,51.8,20.6,0.61,2,3,2,0
39.8,43.4,-1.6,33.4,58.6,43.0,0.69,1,3,2,0
21.9,43.3,-1.7,23.0,1.2,34.7,0.53,2,3,3,0
12.6,40.9,-4.1,28.5,32.4,27.7,0.45,1,1,1,0
9.9,43.4,-1.6,33.0,47.6,19.3,0.63,1,3,2,0
18.0,45.5,0.5,23.3,1.0,28.4,0.66,2,3,3,0
11.1,40.0,-5.0,23.2,53.3,38.6,0.7,2,1,1,0
27.6,41.8,-3.2,33.2,55.7,38.7,0.47,2,1,2,0
34.0,45.5,0.5,39.9,2.6,28.2,0.59,2,3,3,0
18.9,46.1,1.1,24.9,9.1,13.9,0.52,3,3,3,0
139.1,41.8,-3.2,85.3,29.7,32.4,0.29,1,3,2,1
34.9,43.6,-1.4,38.6,4.5,42.6,0.53,2,1,3,0
1.7,43.8,-1.2,28.8,7.6,19.5,0.33,2,2,3,0
31.7,40.5,-4.5,37.5,55.9,28.1,0.51,1,3,2,0
33.4,45.1,0.1,30.9,3.8,41.3,0.45,3,3,3,0
0.3,44.0,-1.0,18.9,37.4,14.2,0.75,2,3,2,0
5.9,41.8,-3.2,28.6,32.4,33.8,0.49,1,2,1,0
165.9,40.1,-4.9,89.0,41.8,6.6,0.13,1,3,2,1
16.2,46.9,1.9,29.2,0.6,40.1,0.67,3,3,3,0
24.1,43.0,-2.0,27.9,58.2,10.7,0.49,1,3,2,0
36.9,45.4,0.4,26.1,6.2,20.1,0.37,3,1,3,0
7.1,46.6,1.6,24.8,0.2,40.1,0.63,3,3,3,0
0.0,46.8,1.8,23.6,0.9,22.3,0.66,2,2,3,0
38.4,44.7,-0.3,41.5,55.6,41.3,0.54,2,3,1,0
34.4,44.1,-0.9,41.3,4.3,21.3,0.49,3,1,3,0
101.2,51.0,6.0,64.2,7.1,17.6,0.53,2,2,3,1
22.6,45.4,0.4,38.9,1.5,20.9,0.4,3,1,3,0
12.7,41.9,-3.1,22.0,44.3,33.2,0.52,2,3,1,0
28.0,43.6,-1.4,25.5,8.5,21.0,0.6,2,2,3,0
18.9,45.4,0.4,19.3,1.6,15.5,0.62,2,2,3,0
26.2,44.1,-0.9,39.8,6.1,7.3,0.67,3,1,3,0
25.5,41.0,-4.0,32.5,40.4,32.0,0.68,1,2,2,0
16.0,45.7,0.7,24.5,6.6,13.0,0.33,2,1,3,0
23.3,44.4,-0.6,35.6,9.2,14.1,0.59,3,1,3,0
27.9,40.9,-4.1,28.0,57.5,9.7,0.6,1,3,2,0
38.5,44.8,-0.2,44.6,55.7,23.4,0.7,2,2,2,0
39.8,45.7,0.7,30.5,4.8,17.6,0.33,3,2,3,0
207.8,51.5,6.5,94.6,7.0,42.3,0.4,3,2,3,1
45.5,44.7,-0.3,32.2,37.4,34.4,0.6,2,2,1,0
31.2,43.5,-1.5,24.0,2.3,43.2,0.63,2,2,3,0
12.6,46.6,1.6,32.7,7.6,28.0,0.64,2,2,3,0
2.7,41.1,-3.9,20.6,31.4,26.6,0.72,2,3,2,0
23.0,44.9,-0.1,19.4,38.8,13.4,0.68,1,3,2,0
10.8,46.8,1.8,21.2,3.3,12.4,0.37,3,2,3,0
18.0,45.3,0.3,36.8,4.2,32.4,0.45,3,1,3,0
36.9,41.0,-4.0,25.0,53.1,21.9,0.59,2,1,2,0
19.9,42.8,-2.2,19.2,52.5,37.6,0.68,2,2,2,0
22.3,46.2,1.2,25.8,4.5,21.5,0.4,3,2,3,0
13.0,45.0,0.0,30.7,5.8,22.9,0.69,2,1,3,0
46.4,44.3,-0.7,40.8,46.5,21.2,0.57,2,1,1,0
28.4,45.4,0.4,29.3,1.6,40.5,0.43,2,2,3,0
12.6,40.6,-4.4,30.0,39.5,13.4,0.7,1,2,1,0
163.5,51.3,6.3,77.1,1.0,15.5,0.52,3,1,3,1
11.4,45.5,0.5,17.2,6.5,38.5,0.42,3,1,3,0
34.8,46.7,1.7,34.9,6.6,10.4,0.65,3,3,3,0
22.6,45.1,0.1,31.8,5.9,17.4,0.55,3,2,3,0
7.8,41.5,-3.5,23.6,43.9,35.3,0.4,1,1,2,0
0.5,44.7,-0.3,16.1,35.0,14.2,0.57,1,1,2,0
32.3,41.2,-3.8,27.3,31.6,8.2,0.73,2,3,2,0
32.4,44.7,-0.3,40.0,5.2,12.3,0.41,3,2,3,0
7.5,43.1,-1.9,14.0,6.4,26.4,0.41,3,1,3,0
9.3,43.6,-1.4,23.6,2.8,18.7,0.59,2,2,3,0
47.6,41.7,-3.3,44.6,59.9,7.9,0.42,2,2,1,0
4.9,46.1,1.1,16.9,1.9,35.8,0.63,3,2,3,0
3.8,45.7,0.7,15.7,7.4,20.6,0.38,2,2,3,0
9.9,41.3,-3.7,31.2,30.6,13.7,0.76,1,1,1,0
23.4,44.6,-0.4,24.2,6.3,43.8,0.31,3,3,3,0
25.0,43.9,-1.1,26.8,49.1,43.8,0.67,1,3,2,0
5.0,43.9,-1.1,31.6,0.6,36.5,0.58,2,2,3,0
191.9,41.8,-3.2,95.5,50.7,16.8,0.2,1,3,2,1
43.4,41.6,-3.4,44.6,31.6,11.4,0.64,1,3,2,0
31.0,45.0,0.0,37.1,4.5,40.3,0.52,3,3,3,0
26.9,43.6,-1.4,31.2,52.2,24.9,0.55,1,3,2,0
3.9,45.6,0.6,12.4,6.1,42.5,0.46,3,1,3,0
202.7,50.2,5.2,100.0,2.0,30.0,0.38,3,3,3,1
32.8,40.1,-4.9,39.8,26.7,23.7,0.77,1,3,1,0
2.3,45.5,0.5,21.5,3.6,34.4,0.63,3,2,3,0
15.4,43.8,-1.2,29.3,9.4,27.8,0.34,2,1,3,0
5.2,43.5,-1.5,23.1,51.1,25.2,0.72,2,3,2,0
22.0,47.0,2.0,35.7,5.3,21.5,0.67,3,3,3,0
38.3,42.8,-2.2,30.4,53.9,43.5,0.77,2,2,1,0
49.7,43.0,-2.0,35.9,25.0,13.9,0.52,1,2,2,0
22.8,45.3,0.3,21.0,7.7,23.4,0.67,3,1,3,0
3.7,44.6,-0.4,29.8,2.6,34.4,0.39,2,3,3,0
28.8,44.1,-0.9,33.4,52.8,17.0,0.76,1,3,2,0
20.8,41.7,-3.3,35.7,27.7,14.1,0.75,1,3,2,0
12.8,45.3,0.3,21.7,6.3,32.9,0.32,3,1,3,0
23.0,43.4,-1.6,27.8,6.7,36.5,0.69,3,1,3,0
163.9,49.3,4.3,85.6,3.4,36.0,0.53,3,1,3,1
7.8,45.5,0.5,27.8,4.8,14.8,0.5,2,1,3,0
18.3,40.6,-4.4,24.2,52.2,31.2,0.48,2,2,1,0
37.0,43.9,-1.1,38.5,9.9,11.2,0.55,3,3,3,0
5.9,46.3,1.3,18.1,1.1,18.7,0.4,2,1,3,0
10.2,41.0,-4.0,19.3,40.8,24.3,0.61,1,3,2,0
21.1,44.0,-1.0,19.6,7.0,13.0,0.45,2,3,3,0
42.6,41.9,-3.1,44.3,26.9,5.8,0.66,1,3,1,0
29.9,44.5,-0.5,25.9,33.1,43.7,0.44,2,3,1,0
6.3,44.4,-0.6,19.6,0.4,30.0,0.43,3,1,3,0
1.5,44.5,-0.5,16.2,53.4,11.1,0.62,2,2,2,0
34.9,45.7,0.7,32.3,0.9,27.9,0.51,3,2,3,0
6.9,42.7,-2.3,28.8,56.8,39.5,0.62,2,2,2,0
6.3,43.3,-1.7,23.2,4.3,33.8,0.56,2,1,3,0
20.7,43.8,-1.2,27.1,54.4,42.4,0.56,1,3,1,0
198.9,40.7,-4.3,100.0,30.3,29.5,0.22,1,3,1,1
19.1,45.0,0.0,29.7,2.3,33.5,0.44,2,2,3,0
9.1,44.6,-0.4,33.0,8.5,42.0,0.49,3,2,3,0
248.3,52.0,7.0,100.0,7.4,24.6,0.6,2,2,3,1
41.2,43.9,-1.1,34.4,56.1,42.6,0.69,2,3,2,0
35.1,44.0,-1.0,34.8,5.2,44.4,0.48,3,1,3,0
15.2,41.5,-3.5,25.3,43.1,21.9,0.73,1,3,1,0
3.6,45.0,0.0,15.0,6.9,28.4,0.49,2,3,3,0
23.6,45.9,0.9,23.5,3.9,23.2,0.48,3,2,3,0
31.7,40.5,-4.5,36.8,49.2,34.1,0.43,1,3,1,0
13.4,46.5,1.5,32.6,3.8,11.5,0.32,3,1,3,0
30.7,44.8,-0.2,34.8,7.7,9.7,0.47,2,1,3,0
19.9,46.2,1.2,30.1,0.0,24.7,0.3,3,1,3,0
190.6,43.0,-2.0,98.8,40.9,37.8,0.16,2,1,1,1
236.6,51.0,6.0,100.0,1.8,16.9,0.56,2,1,3,1
26.4,45.8,0.8,32.0,1.1,27.5,0.36,2,2,3,0
41.0,41.6,-3.4,43.3,57.6,7.6,0.7,1,2,2,0
8.4,43.8,-1.2,14.5,1.2,27.9,0.43,3,3,3,0
10.4,45.3,0.3,26.6,4.8,42.1,0.47,3,3,3,0
11.6,44.0,-1.0,18.5,43.2,9.7,0.52,2,2,2,0
16.6,44.3,-0.7,27.8,7.4,30.5,0.62,2,1,3,0
20.3,44.3,-0.7,18.2,6.9,32.4,0.62,3,2,3,0
46.1,41.0,-4.0,37.9,50.4,6.4,0.59,1,1,1,0
46.4,42.3,-2.7,39.0,30.4,27.6,0.42,2,3,2,0
45.8,42.9,-2.1,29.6,44.4,11.0,0.72,1,1,1,0
182.6,40.9,-4.1,100.0,59.4,33.4,0.16,1,2,2,1
10.8,42.3,-2.7,16.6,28.0,36.4,0.52,1,1,2,0
6.2,44.4,-0.6,22.1,4.4,40.0,0.62,2,2,3,0
151.0,41.0,-4.0,72.7,30.0,17.4,0.27,1,1,1,1
29.8,43.1,-1.9,37.1,3.3,30.6,0.34,2,1,3,0
33.6,42.7,-2.3,26.6,32.0,9.6,0.51,2,3,2,0
37.7,46.2,1.2,36.6,2.1,11.9,0.52,3,2,3,0
2.5,40.1,-4.9,12.7,43.9,20.7,0.55,1,3,1,0
33.5,44.1,-0.9,42.9,46.6,35.2,0.61,2,2,2,0
25.8,46.1,1.1,29.7,0.9,42.9,0.34,3,1,3,0
39.4,43.5,-1.5,34.8,57.0,6.2,0.75,2,2,1,0
13.9,45.3,0.3,25.7,3.5,21.2,0.64,3,3,3,0
16.0,44.7,-0.3,28.8,3.3,26.9,0.62,2,2,3,0
39.4,43.9,-1.1,30.5,27.3,31.5,0.62,1,1,2,0
8.8,42.8,-2.2,14.9,29.0,9.3,0.78,2,3,2,0
166.5,41.1,-3.9,92.8,36.5,35.3,0.25,1,3,1,1
7.8,45.7,0.7,19.5,4.5,27.8,0.46,3,3,3,0
30.6,45.0,0.0,39.2,57.1,39.1,0.6,2,1,2,0
18.0,43.5,-1.5,34.5,56.5,14.4,0.74,1,3,1,0
33.1,41.9,-3.1,27.0,46.9,20.4,0.59,2,2,2,0
7.2,40.1,-4.9,26.0,30.4,44.0,0.75,1,1,1,0
27.8,46.7,1.7,33.6,1.4,23.2,0.64,3,2,3,0
159.9,42.1,-2.9,88.2,38.5,15.8,0.25,1,3,1,1
158.5,43.5,-1.5,76.2,26.2,34.3,0.24,1,2,2,1
48.0,42.4,-2.6,41.9,43.1,36.9,0.43,1,2,1,0
18.8,45.9,0.9,25.9,9.0,43.4,0.49,2,2,3,0
8.5,40.3,-4.7,33.2,30.9,37.4,0.42,2,3,2,0
225.4,49.8,4.8,100.0,2.9,16.0,0.35,2,2,3,1
26.4,44.5,-0.5,24.1,7.4,36.3,0.66,2,1,3,0
29.8,44.9,-0.1,38.7,31.3,35.1,0.73,1,2,2,0
17.3,41.1,-3.9,32.0,33.3,9.6,0.66,2,1,1,0
26.6,43.7,-1.3,34.8,39.0,24.0,0.55,2,1,2,0
34.1,43.4,-1.6,42.0,25.4,30.5,0.42,2,2,2,0
23.1,41.3,-3.7,24.1,36.7,31.9,0.67,2,1,1,0
41.6,42.7,-2.3,28.6,48.7,9.2,0.4,1,2,2,0
127.4,41.0,-4.0,74.1,32.7,38.4,0.29,2,3,2,1
15.0,46.1,1.1,29.0,7.1,37.1,0.33,2,1,3,0
3.0,44.8,-0.2,31.1,7.0,35.8,0.42,3,3,3,0
16.6,43.9,-1.1,35.8,34.0,15.6,0.42,1,2,2,0
19.7,43.6,-1.4,33.3,4.9,13.7,0.54,2,3,3,0
191.4,49.8,4.8,95.5,9.1,40.9,0.34,3,1,3,1
36.2,45.3,0.3,34.8,9.3,42.6,0.41,3,2,3,0
40.9,40.0,-5.0,37.7,40.3,42.4,0.59,1,2,1,0
4.5,43.2,-1.8,31.0,48.9,8.2,0.61,2,2,1,0
14.9,44.8,-0.2,18.1,47.7,32.6,0.56,1,2,1,0
130.9,51.2,6.2,74.2,8.9,24.6,0.59,3,1,3,1
183.0,40.2,-4.8,85.6,42.5,37.3,0.11,2,3,1,1
131.3,44.6,-0.4,71.9,57.9,41.7,0.23,1,1,1,1
36.2,46.3,1.3,26.4,7.0,29.4,0.31,2,3,3,0
24.6,43.3,-1.7,23.9,8.2,18.5,0.35,2,3,3,0
38.2,44.2,-0.8,32.0,36.3,9.8,0.64,1,1,2,0
2.0,42.2,-2.8,27.7,30.9,29.5,0.44,2,1,1,0
3.6,45.6,0.6,29.2,8.8,21.6,0.3,2,2,3,0
37.5,45.4,0.4,25.8,2.1,12.2,0.51,3,2,3,0
137.7,49.4,4.4,75.7,6.3,8.8,0.44,3,2,3,1
31.9,45.7,0.7,42.1,4.6,24.0,0.41,2,1,3,0
8.4,44.0,-1.0,25.7,6.7,40.6,0.32,2,2,3,0
31.4,44.9,-0.1,24.9,1.0,40.8,0.67,2,3,3,0
16.3,41.0,-4.0,23.0,45.7,8.9,0.71,2,3,2,0
2.7,40.4,-4.6,15.4,55.4,29.4,0.57,2,1,1,0
10.1,43.2,-1.8,27.9,38.1,7.4,0.45,2,1,1,0
8.8,44.2,-0.8,16.7,8.5,36.8,0.47,3,3,3,0
19.6,47.0,2.0,29.7,5.8,38.5,0.33,2,2,3,0
8.9,46.7,1.7,32.5,7.3,41.6,0.4,2,1,3,0
21.3,43.7,-1.3,34.7,59.3,32.9,0.56,1,1,2,0
10.9,43.5,-1.5,19.1,42.3,45.0,0.54,1,1,1,0
1.2,44.3,-0.7,25.9,48.4,40.0,0.58,1,2,2,0
0.1,45.5,0.5,17.7,7.9,32.6,0.55,3,3,3,0
23.0,43.8,-1.2,32.9,3.0,29.8,0.58,3,2,3,0
158.5,50.9,5.9,80.7,5.1,12.0,0.66,3,3,3,1
21.6,45.6,0.6,33.4,5.6,35.1,0.36,2,3,3,0
20.1,44.7,-0.3,19.1,7.5,19.9,0.43,2,2,3,0
26.6,43.5,-1.5,33.1,42.6,37.0,0.52,1,3,2,0
7.2,46.8,1.8,14.4,1.9,11.6,0.33,3,1,3,0
11.7,46.9,1.9,25.5,5.0,10.3,0.51,2,2,3,0
184.2,40.9,-4.1,94.1,40.5,18.4,0.27,1,3,2,1
42.1,43.0,-2.0,32.9,48.0,10.3,0.58,2,2,2,0
30.8,43.2,-1.8,29.4,7.9,23.2,0.49,2,1,3,0
28.3,46.6,1.6,37.2,7.1,11.5,0.37,3,1,3,0
8.2,45.8,0.8,26.6,9.9,44.1,0.48,2,1,3,0
194.5,40.6,-4.4,100.0,40.7,42.1,0.25,1,1,2,1
35.8,46.9,1.9,39.4,9.7,44.8,0.56,3,3,3,0
176.6,49.1,4.1,94.2,8.0,9.7,0.44,3,1,3,1
30.4,41.8,-3.2,32.7,46.6,36.3,0.48,1,2,2,0
39.0,44.6,-0.4,35.4,0.2,29.1,0.57,3,3,3,0
17.1,44.5,-0.5,17.1,9.1,18.8,0.46,3,2,3,0
49.6,43.6,-1.4,35.6,55.6,37.2,0.72,1,2,1,0
43.4,41.0,-4.0,28.7,29.9,43.4,0.79,1,2,1,0
28.4,46.0,1.0,24.1,0.1,12.4,0.47,3,2,3,0
28.0,44.2,-0.8,21.7,44.4,5.1,0.59,1,2,2,0
20.9,43.3,-1.7,32.1,58.5,14.8,0.6,2,1,1,0
43.4,42.9,-2.1,36.9,42.3,32.8,0.65,1,1,2,0
145.6,40.8,-4.2,70.9,42.9,11.5,0.28,1,2,2,1
46.8,41.4,-3.6,44.0,39.7,12.3,0.61,2,1,1,0
12.0,45.7,0.7,28.6,5.4,8.8,0.63,3,3,3,0
24.2,42.6,-2.4,37.9,53.8,9.1,0.54,1,1,1,0
4.7,43.5,-1.5,12.2,8.3,18.9,0.47,2,3,3,0
37.2,40.9,-4.1,27.5,29.9,32.8,0.45,2,3,2,0
210.5,51.4,6.4,95.8,3.1,36.0,0.35,2,2,3,1
2.4,43.5,-1.5,16.0,2.0,7.6,0.62,2,3,3,0
36.0,43.7,-1.3,31.4,7.5,8.6,0.67,2,3,3,0
36.4,40.8,-4.2,36.0,58.2,9.0,0.5,2,3,2,0
30.2,43.0,-2.0,36.6,5.3,42.0,0.69,2,3,3,0
186.8,43.4,-1.6,93.2,37.8,25.6,0.3,1,2,2,1
121.7,51.3,6.3,72.8,7.6,27.3,0.35,3,1,3,1
29.4,45.7,0.7,38.6,3.3,14.0,0.45,2,2,3,0
40.1,44.3,-0.7,33.4,59.5,5.5,0.78,2,3,1,0
6.0,42.6,-2.4,26.3,48.5,44.1,0.56,2,3,2,0
39.6,43.5,-1.5,42.6,0.6,34.0,0.44,2,2,3,0
20.2,42.4,-2.6,23.7,51.5,35.7,0.59,2,1,2,0
1.2,46.0,1.0,27.1,2.5,24.9,0.39,3,1,3,0
3.9,43.3,-1.7,26.6,3.8,35.7,0.36,3,2,3,0
13.7,46.4,1.4,26.4,2.9,43.1,0.5,3,1,3,0
22.1,42.3,-2.7,22.4,55.8,31.4,0.41,1,2,2,0
30.6,45.3,0.3,32.1,4.9,27.2,0.42,2,3,3,0
48.5,42.0,-3.0,36.5,41.7,44.1,0.65,1,2,1,0
32.4,45.3,0.3,38.3,0.3,30.0,0.35,2,2,3,0
139.1,49.7,4.7,71.9,4.3,8.4,0.46,3,3,3,1
152.2,50.4,5.4,88.1,8.7,27.7,0.44,2,2,3,1
19.5,44.9,-0.1,34.0,25.7,9.0,0.63,2,3,1,0
38.8,43.8,-1.2,38.2,3.4,44.0,0.37,3,1,3,0
32.2,45.5,0.5,42.0,2.9,33.7,0.42,2,3,3,0
19.0,43.8,-1.2,33.5,5.9,31.1,0.33,3,2,3,0
25.8,42.1,-2.9,31.3,40.2,40.2,0.67,2,3,1,0
37.5,44.1,-0.9,37.8,5.8,37.4,0.56,2,2,3,0
29.9,46.1,1.1,38.8,5.2,21.4,0.48,3,1,3,0
10.3,45.4,0.4,22.2,8.5,9.5,0.63,3,1,3,0
17.4,45.6,0.6,17.7,2.5,11.4,0.49,3,1,3,0
34.1,46.9,1.9,33.4,2.6,5.8,0.56,3,1,3,0
44.3,44.5,-0.5,44.5,46.1,38.7,0.56,1,1,2,0
38.0,46.7,1.7,30.2,5.7,40.4,0.51,2,1,3,0
15.6,46.0,1.0,21.0,7.7,21.9,0.43,3,1,3,0
23.6,45.0,0.0,26.9,1.8,42.9,0.48,3,2,3,0
18.1,44.4,-0.6,33.7,41.6,5.8,0.69,1,3,2,0
9.6,45.2,0.2,20.0,8.4,43.3,0.58,2,2,3,0
36.4,44.6,-0.4,44.1,5.3,15.2,0.64,2,1,3,0
35.2,46.1,1.1,32.2,3.0,6.4,0.67,2,1,3,0
41.0,43.6,-1.4,40.4,41.5,25.3,0.73,2,2,2,0
32.1,43.5,-1.5,31.7,46.1,30.6,0.47,2,1,2,0
140.0,42.9,-2.1,81.4,32.0,31.0,0.24,2,1,2,1
13.0,42.4,-2.6,31.7,52.7,37.0,0.67,2,1,2,0
33.4,45.3,0.3,23.8,4.1,5.9,0.46,2,3,3,0
6.8,44.6,-0.4,21.3,9.1,15.4,0.38,3,1,3,0
46.0,43.6,-1.4,41.9,31.0,9.7,0.58,1,3,1,0
5.2,46.4,1.4,24.1,1.9,44.8,0.42,3,2,3,0
256.2,49.7,4.7,100.0,4.2,14.9,0.62,3,3,3,1
19.9,44.4,-0.6,25.6,28.0,21.9,0.48,2,3,1,0
45.4,41.7,-3.3,46.9,27.6,43.7,0.8,1,3,1,0
14.8,46.9,1.9,27.1,0.1,28.2,0.42,3,2,3,0
150.8,50.6,5.6,73.2,5.0,9.7,0.65,3,1,3,1
11.3,46.5,1.5,26.8,5.0,35.5,0.6,3,2,3,0
47.5,43.7,-1.3,47.5,40.3,30.5,0.62,1,2,2,0
141.6,51.1,6.1,75.4,1.9,44.8,0.39,2,2,3,1
215.2,49.4,4.4,100.0,4.4,13.1,0.48,3,2,3,1
8.5,47.0,2.0,13.5,8.3,35.7,0.53,3,1,3,0
1.3,43.4,-1.6,24.1,57.2,20.8,0.67,1,3,2,0
28.3,44.9,-0.1,33.9,8.4,15.8,0.31,2,3,3,0
13.0,45.9,0.9,29.9,3.3,43.3,0.56,2,3,3,0
31.9,46.0,1.0,33.7,2.1,29.1,0.62,2,1,3,0
8.1,40.4,-4.6,18.9,33.9,35.1,0.71,1,3,2,0
36.9,46.6,1.6,36.8,1.2,19.4,0.62,3,1,3,0
28.2,44.4,-0.6,36.4,42.9,37.4,0.57,2,3,2,0
38.9,45.7,0.7,38.5,4.3,33.5,0.34,3,2,3,0
12.0,46.9,1.9,28.5,2.9,17.0,0.33,3,1,3,0
25.5,44.6,-0.4,29.5,35.3,33.8,0.57,1,2,1,0
9.0,40.6,-4.4,21.5,33.9,8.3,0.47,1,3,1,0
48.3,43.1,-1.9,33.1,36.0,12.4,0.75,2,3,2,0
129.3,42.7,-2.3,71.3,55.5,32.7,0.13,1,3,2,1
130.8,44.0,-1.0,78.6,35.6,32.8,0.14,2,1,2,1
25.0,46.2,1.2,23.8,2.1,17.0,0.56,2,2,3,0
29.6,44.8,-0.2,31.5,4.7,5.8,0.35,2,2,3,0
200.9,51.1,6.1,100.0,2.0,38.9,0.32,3,3,3,1
46.8,42.6,-2.4,46.1,26.3,14.3,0.76,2,1,2,0
25.9,46.6,1.6,22.7,4.2,29.9,0.52,3,3,3,0
23.5,40.8,-4.2,29.6,40.7,28.5,0.58,2,3,1,0
19.5,44.4,-0.6,36.6,57.3,31.1,0.57,2,2,1,0
33.4,41.4,-3.6,27.3,53.0,29.2,0.45,1,1,1,0
50.0,41.2,-3.8,35.2,58.0,32.1,0.54,2,1,2,0
4.8,43.9,-1.1,17.1,8.1,18.6,0.47,3,2,3,0
34.9,45.4,0.4,26.0,7.7,7.0,0.66,3,2,3,0
42.9,43.9,-1.1,38.4,58.7,25.3,0.44,1,1,1,0
17.7,45.0,0.0,31.7,8.7,9.0,0.36,3,3,3,0
20.8,44.2,-0.8,23.2,36.7,37.4,0.71,1,2,1,0
18.0,41.9,-3.1,20.2,42.7,35.1,0.67,1,2,2,0
18.4,46.4,1.4,33.3,1.4,19.5,0.47,3,1,3,0
49.1,40.4,-4.6,30.9,30.1,35.4,0.47,1,3,1,0
32.0,46.5,1.5,42.3,9.0,21.8,0.69,2,3,3,0
26.4,40.0,-5.0,34.6,50.3,22.8,0.77,2,1,2,0
163.0,44.4,-0.6,89.6,49.4,40.2,0.18,2,3,1,1
1.4,43.8,-1.2,22.4,32.5,14.7,0.72,2,2,2,0
25.4,44.2,-0.8,35.3,59.5,42.7,0.45,1,2,1,0
37.3,41.7,-3.3,39.2,45.0,42.5,0.63,1,3,2,0
22.9,43.6,-1.4,26.7,3.5,34.5,0.57,3,1,3,0
154.1,42.3,-2.7,73.5,43.1,22.0,0.18,1,1,2,1
27.9,43.4,-1.6,38.6,32.5,28.4,0.71,1,3,2,0
130.2,44.1,-0.9,64.7,59.9,33.2,0.24,2,3,2,1
37.8,44.5,-0.5,44.2,6.9,29.1,0.49,3,2,3,0
14.9,47.0,2.0,22.0,1.2,24.4,0.32,3,1,3,0
35.6,43.9,-1.1,40.6,7.8,24.6,0.32,3,1,3,0
22.6,42.4,-2.6,26.6,27.4,38.4,0.54,1,3,2,0
6.0,45.9,0.9,14.2,7.6,30.0,0.6,3,3,3,0
44.5,42.7,-2.3,40.7,38.6,39.6,0.69,2,3,2,0
189.5,49.6,4.6,98.2,5.7,28.1,0.52,3,1,3,1
7.2,43.1,-1.9,28.6,7.5,14.8,0.35,2,3,3,0
46.7,42.9,-2.1,32.3,28.0,6.0,0.54,2,3,2,0
14.3,44.9,-0.1,31.1,38.4,11.2,0.47,1,2,1,0
11.9,43.4,-1.6,17.6,0.6,40.7,0.37,3,2,3,0
29.3,41.0,-4.0,36.8,58.0,20.4,0.6,1,1,1,0
170.7,40.3,-4.7,78.7,27.1,27.2,0.28,2,3,2,1
3.4,45.5,0.5,15.4,2.5,43.7,0.42,2,2,3,0
1.7,46.3,1.3,29.9,7.8,29.8,0.68,3,3,3,0
27.2,47.0,2.0,37.7,0.0,13.5,0.41,3,3,3,0
41.5,40.4,-4.6,46.6,26.6,40.1,0.69,1,1,2,0
13.7,44.9,-0.1,21.9,55.9,13.4,0.66,2,3,2,0
120.8,43.0,-2.0,69.4,25.6,32.9,0.13,1,2,1,1
22.3,44.5,-0.5,38.4,43.8,20.1,0.45,1,3,1,0
22.2,42.3,-2.7,19.3,38.5,16.2,0.49,1,3,1,0
18.1,41.2,-3.8,35.3,31.7,33.3,0.51,2,1,1,0
20.0,43.7,-1.3,21.9,2.0,34.6,0.34,3,3,3,0
249.4,51.6,6.6,100.0,0.7,34.2,0.6,2,2,3,1
21.3,44.0,-1.0,29.7,8.5,23.2,0.7,2,2,3,0
11.0,45.7,0.7,23.7,8.5,19.5,0.47,3,1,3,0
15.7,44.3,-0.7,33.9,0.5,37.3,0.51,3,3,3,0
7.9,44.3,-0.7,14.4,9.8,30.0,0.68,3,1,3,0
23.7,44.2,-0.8,36.1,40.1,37.9,0.78,1,3,2,0
23.2,43.3,-1.7,20.5,9.4,6.3,0.61,3,2,3,0
12.1,45.5,0.5,16.2,7.8,32.1,0.67,2,3,3,0
16.4,46.5,1.5,32.3,2.9,30.0,0.46,3,2,3,0
39.1,41.7,-3.3,32.2,41.2,12.7,0.58,2,1,1,0
36.2,43.5,-1.5,34.7,6.0,19.2,0.54,2,2,3,0
21.8,40.3,-4.7,33.8,31.5,17.4,0.78,1,3,1,0
38.8,45.1,0.1,38.7,1.5,10.8,0.54,3,1,3,0
8.1,43.3,-1.7,17.0,4.2,24.0,0.69,2,3,3,0
8.1,43.1,-1.9,29.0,46.0,6.7,0.58,2,1,2,0
19.2,46.1,1.1,34.0,6.4,37.3,0.49,2,2,3,0
104.8,49.3,4.3,57.7,4.0,12.8,0.45,2,3,3,1
44.3,41.0,-4.0,34.5,26.5,27.2,0.69,1,1,1,0
208.4,50.1,5.1,100.0,0.2,9.4,0.66,3,1,3,1
48.9,43.3,-1.7,47.2,41.0,40.1,0.8,2,1,2,0
15.1,44.5,-0.5,28.0,1.4,44.1,0.62,2,1,3,0
5.9,44.0,-1.0,24.9,7.6,16.2,0.64,2,1,3,0
8.4,44.0,-1.0,31.0,32.3,35.0,0.56,1,2,2,0
24.2,43.6,-1.4,29.2,43.2,28.2,0.78,1,3,2,0
8.7,44.7,-0.3,21.0,2.1,11.3,0.48,2,2,3,0
11.5,41.5,-3.5,24.8,44.3,18.5,0.42,1,2,1,0
9.0,41.6,-3.4,26.5,40.1,19.4,0.49,2,1,2,0
125.7,44.6,-0.4,64.3,54.5,12.9,0.11,1,2,2,1
49.9,43.5,-1.5,44.8,35.6,41.5,0.7,2,1,1,0
37.9,44.7,-0.3,38.2,34.9,44.6,0.4,2,1,2,0
27.6,41.2,-3.8,37.3,33.0,18.6,0.59,1,1,2,0
27.9,41.0,-4.0,32.7,54.6,10.1,0.55,2,3,2,0
27.4,44.6,-0.4,36.5,5.0,26.5,0.44,3,2,3,0
38.1,44.3,-0.7,37.8,5.7,29.1,0.67,2,3,3,0
23.7,40.3,-4.7,38.7,59.3,30.6,0.53,1,2,2,0
19.5,43.7,-1.3,19.2,1.7,43.5,0.31,2,2,3,0
0.4,44.3,-0.7,28.4,2.3,20.6,0.48,2,1,3,0
36.1,43.8,-1.2,41.8,5.4,17.4,0.6,3,3,3,0
13.8,42.5,-2.5,18.4,30.6,7.6,0.4,2,2,1,0
29.5,44.2,-0.8,39.4,5.3,23.3,0.48,3,3,3,0
36.7,41.2,-3.8,42.9,38.7,12.3,0.58,1,3,2,0
11.0,45.5,0.5,20.2,3.9,41.7,0.4,2,3,3,0
39.8,43.3,-1.7,28.0,9.1,35.7,0.7,3,2,3,0
3.7,42.5,-2.5,26.5,40.8,20.2,0.68,2,3,1,0
193.4,40.1,-4.9,100.0,55.0,24.4,0.17,2,1,1,1
18.8,44.1,-0.9,20.7,5.5,38.5,0.59,2,3,3,0
3.1,46.1,1.1,24.8,1.8,11.1,0.51,2,2,3,0
17.7,43.2,-1.8,29.8,2.2,25.9,0.66,2,3,3,0
1.9,44.5,-0.5,14.8,3.9,15.0,0.48,3,1,3,0
231.3,51.0,6.0,100.0,0.9,43.3,0.31,3,1,3,1
152.3,50.7,5.7,74.7,7.2,13.3,0.47,2,3,3,1
8.7,41.1,-3.9,19.8,57.9,20.6,0.56,1,2,1,0
2.7,43.9,-1.1,17.1,0.7,29.0,0.56,3,1,3,0
27.9,45.7,0.7,40.6,2.5,32.7,0.54,2,2,3,0
2.7,43.1,-1.9,29.3,6.4,23.0,0.69,3,3,3,0
35.9,44.2,-0.8,39.1,5.0,35.3,0.39,2,3,3,0
15.0,45.6,0.6,20.8,0.6,34.0,0.5,3,2,3,0
32.4,42.6,-2.4,23.4,29.7,38.9,0.52,2,2,1,0
11.1,44.0,-1.0,24.9,33.5,12.3,0.75,1,3,1,0
25.4,43.6,-1.4,24.2,0.6,8.7,0.33,3,3,3,0
6.6,43.8,-1.2,21.1,2.4,29.2,0.47,2,2,3,0
47.6,44.3,-0.7,36.6,45.2,23.8,0.54,1,2,2,0
4.2,43.8,-1.2,17.7,51.6,26.5,0.76,2,3,1,0
22.5,44.9,-0.1,25.7,2.6,33.6,0.42,3,1,3,0
29.0,45.0,0.0,40.1,9.2,42.6,0.31,2,3,3,0
193.7,42.0,-3.0,98.8,38.4,12.8,0.18,2,2,1,1
2.9,43.2,-1.8,19.6,52.0,14.9,0.55,2,2,2,0
27.9,45.6,0.6,26.4,9.2,23.2,0.55,3,3,3,0
25.8,46.7,1.7,28.3,2.5,28.4,0.3,2,1,3,0
12.1,46.9,1.9,28.0,8.8,20.3,0.63,2,2,3,0
17.2,43.2,-1.8,31.9,51.3,42.2,0.46,1,2,1,0
175.7,40.0,-5.0,93.4,25.2,34.3,0.2,1,1,2,1
37.9,44.8,-0.2,41.4,3.7,12.4,0.38,2,1,3,0
16.4,45.5,0.5,29.0,8.1,39.7,0.4,2,1,3,0
104.7,49.7,4.7,61.6,2.9,35.4,0.35,3,1,3,1
1.7,43.8,-1.2,26.5,2.7,20.0,0.57,2,3,3,0
34.1,43.0,-2.0,29.9,57.6,14.6,0.54,2,2,2,0
0.2,44.4,-0.6,18.1,38.2,38.4,0.75,1,1,2,0
9.9,44.8,-0.2,27.7,6.0,39.8,0.68,3,3,3,0
2.3,40.1,-4.9,17.4,48.1,22.8,0.72,1,3,2,0
46.5,42.1,-2.9,45.7,39.0,41.2,0.79,1,3,2,0
39.2,44.3,-0.7,26.3,35.3,24.9,0.69,1,1,1,0
24.1,44.5,-0.5,24.5,54.1,11.8,0.62,2,3,1,0
36.1,46.1,1.1,28.8,1.1,15.3,0.36,2,2,3,0
34.9,46.7,1.7,39.3,6.7,29.0,0.34,3,3,3,0
5.8,44.0,-1.0,14.1,38.2,34.6,0.44,2,1,2,0
23.1,43.0,-2.0,20.5,5.7,26.4,0.64,2,2,3,0
11.1,42.6,-2.4,25.2,36.2,23.4,0.56,2,1,1,0
37.4,40.7,-4.3,41.5,54.3,6.4,0.74,2,2,2,0
23.9,45.0,0.0,29.5,42.6,33.2,0.73,1,2,2,0
33.9,46.7,1.7,28.1,9.8,34.4,0.36,3,1,3,0
16.9,45.0,0.0,36.6,50.5,35.3,0.67,2,2,1,0
28.0,45.2,0.2,23.1,5.3,17.9,0.41,3,3,3,0
5.5,45.8,0.8,18.0,8.5,10.8,0.48,3,1,3,0
4.1,46.1,1.1,28.8,7.4,20.1,0.44,2,2,3,0
37.8,43.5,-1.5,35.4,9.3,18.5,0.44,2,2,3,0
163.5,49.9,4.9,87.3,6.3,11.9,0.4,3,3,3,1
13.8,44.3,-0.7,22.9,52.2,9.8,0.66,1,1,2,0
22.9,44.1,-0.9,34.1,4.9,36.8,0.31,2,1,3,0
125.1,42.9,-2.1,75.9,41.9,12.4,0.28,2,3,2,1
21.6,46.3,1.3,31.7,3.9,35.1,0.33,3,1,3,0
12.6,43.2,-1.8,26.5,1.8,31.1,0.3,2,1,3,0
18.2,44.9,-0.1,25.7,54.8,42.8,0.62,1,1,1,0
23.1,45.8,0.8,29.7,3.0,44.4,0.56,3,2,3,0
12.0,46.3,1.3,33.9,6.9,29.1,0.39,2,1,3,0
32.5,42.7,-2.3,32.1,34.7,42.8,0.47,2,3,1,0
49.8,40.4,-4.6,33.8,57.9,19.9,0.68,1,3,1,0
15.2,46.9,1.9,21.0,4.2,15.8,0.43,2,3,3,0
14.5,44.3,-0.7,21.3,6.8,39.8,0.33,3,1,3,0
194.1,41.9,-3.1,100.0,25.3,17.3,0.14,2,2,1,1
35.9,43.7,-1.3,43.3,5.3,20.6,0.52,3,2,3,0
7.8,40.0,-5.0,20.7,41.7,34.4,0.45,1,1,2,0
49.3,43.5,-1.5,39.8,49.8,16.0,0.72,1,2,2,0
12.5,43.4,-1.6,16.6,3.1,34.2,0.68,2,1,3,0
19.7,46.5,1.5,37.1,5.8,22.0,0.6,2,3,3,0
36.4,46.0,1.0,38.8,4.8,33.1,0.46,2,3,3,0
44.1,44.8,-0.2,32.1,33.5,8.0,0.61,1,1,2,0
5.7,41.9,-3.1,17.3,58.3,26.6,0.77,2,1,2,0
28.4,41.1,-3.9,27.5,35.5,42.3,0.49,2,3,2,0
173.7,49.9,4.9,81.6,9.4,19.0,0.32,3,3,3,1
3.4,45.1,0.1,14.4,4.0,10.0,0.34,2,2,3,0
12.0,44.7,-0.3,18.4,1.6,37.5,0.39,3,1,3,0
0.3,40.7,-4.3,24.3,48.0,9.4,0.75,2,2,1,0
6.4,43.8,-1.2,22.1,1.3,31.6,0.6,3,2,3,0
13.0,46.1,1.1,32.8,4.2,25.1,0.62,3,3,3,0
0.7,40.6,-4.4,11.3,29.6,38.2,0.67,1,2,1,0
168.6,50.9,5.9,92.0,4.3,12.5,0.41,3,2,3,1
19.0,46.1,1.1,19.7,8.6,34.2,0.57,2,3,3,0
106.1,52.0,7.0,71.0,1.9,22.1,0.39,2,3,3,1
28.0,46.9,1.9,25.6,0.9,22.0,0.45,2,1,3,0
17.6,41.3,-3.7,23.4,47.5,6.9,0.57,2,1,1,0
36.3,43.4,-1.6,28.2,0.5,42.9,0.38,3,2,3,0
6.5,43.4,-1.6,28.8,35.7,34.7,0.54,1,3,1,0
128.5,42.9,-2.1,73.4,33.3,6.6,0.23,2,3,1,1
187.5,50.0,5.0,99.5,1.9,44.6,0.67,3,1,3,1
35.7,46.0,1.0,41.2,0.4,27.4,0.47,2,2,3,0
46.6,40.3,-4.7,29.1,40.7,29.0,0.6,1,3,2,0
29.6,44.6,-0.4,35.5,2.9,39.8,0.62,2,1,3,0
24.3,43.8,-1.2,19.8,4.4,27.9,0.52,3,3,3,0
10.4,46.4,1.4,20.1,8.8,15.7,0.5,3,1,3,0
37.7,44.1,-0.9,27.7,2.2,39.9,0.42,2,1,3,0
155.6,50.8,5.8,79.6,9.9,8.3,0.51,2,3,3,1
185.3,41.6,-3.4,88.5,50.3,43.6,0.26,2,1,2,1
31.3,44.7,-0.3,26.6,59.0,22.7,0.64,1,2,2,0
21.7,42.2,-2.8,28.3,32.1,24.8,0.46,2,2,1,0
29.2,45.6,0.6,22.1,8.2,11.5,0.38,2,1,3,0
22.8,40.7,-4.3,27.2,49.1,34.0,0.66,1,1,1,0
102.2,51.5,6.5,69.6,6.0,10.3,0.45,3,1,3,1
178.9,44.8,-0.2,95.7,30.0,13.1,0.17,1,2,1,1
27.2,42.4,-2.6,31.8,53.5,5.8,0.51,2,1,2,0
5.7,46.6,1.6,12.8,5.4,22.1,0.5,2,1,3,0
45.1,43.4,-1.6,47.9,47.9,14.0,0.6,1,2,2,0
4.2,41.8,-3.2,14.7,27.7,22.1,0.42,2,2,1,0
25.0,44.1,-0.9,37.5,6.8,15.8,0.66,2,2,3,0
38.9,44.3,-0.7,28.5,57.7,22.9,0.46,1,2,1,0
3.6,47.0,2.0,15.1,1.1,20.4,0.68,3,2,3,0
46.1,40.7,-4.3,39.4,39.8,26.5,0.55,2,2,2,0
32.5,43.9,-1.1,24.7,3.8,19.5,0.51,3,1,3,0
2.4,44.4,-0.6,27.9,3.6,39.7,0.68,3,1,3,0
37.3,41.1,-3.9,38.8,41.1,10.7,0.45,2,3,1,0
26.5,43.3,-1.7,37.3,7.0,39.8,0.45,3,1,3,0
233.0,50.2,5.2,100.0,3.7,23.8,0.4,2,1,3,1
14.3,43.9,-1.1,33.3,41.5,6.3,0.46,2,1,2,0
22.2,46.3,1.3,37.3,0.1,25.1,0.57,3,3,3,0
160.4,51.9,6.9,89.0,4.2,21.0,0.41,2,1,3,1
12.5,45.6,0.6,31.5,3.9,11.6,0.63,2,2,3,0
42.3,40.4,-4.6,32.6,31.8,26.7,0.41,1,1,1,0
37.2,44.0,-1.0,26.6,6.0,27.8,0.38,3,1,3,0
148.5,44.7,-0.3,77.4,26.6,12.8,0.16,2,2,1,1
5.1,42.0,-3.0,15.0,59.1,28.5,0.72,1,2,2,0
3.9,40.8,-4.2,30.6,45.5,14.3,0.65,1,1,2,0
39.7,45.4,0.4,36.3,7.7,35.7,0.7,2,2,3,0
1.6,45.9,0.9,24.3,3.4,14.6,0.55,3,3,3,0
222.6,49.9,4.9,100.0,9.6,36.9,0.34,3,1,3,1
14.0,44.7,-0.3,17.4,28.3,12.2,0.55,2,2,1,0
129.9,43.3,-1.7,62.8,59.5,39.4,0.21,2,2,2,1
47.6,41.8,-3.2,42.7,55.0,25.2,0.55,1,2,2,0
32.8,43.0,-2.0,40.2,6.2,16.6,0.6,2,1,3,0
17.4,44.4,-0.6,27.7,54.9,37.7,0.59,1,1,2,0
30.7,43.8,-1.2,28.9,1.8,17.7,0.67,2,3,3,0
132.5,41.4,-3.6,75.8,32.4,17.8,0.19,2,1,1,1
10.6,44.9,-0.1,29.4,27.2,21.9,0.41,2,2,2,0
239.8,50.4,5.4,100.0,0.8,13.6,0.41,2,2,3,1
38.5,44.2,-0.8,29.4,8.3,42.7,0.66,2,2,3,0
19.5,41.8,-3.2,33.5,43.7,28.9,0.4,1,1,2,0
37.4,45.0,0.0,31.3,3.2,36.7,0.31,3,3,3,0
31.7,44.7,-0.3,34.2,34.2,6.5,0.66,1,3,2,0
8.4,43.8,-1.2,27.0,4.2,43.2,0.54,2,2,3,0
22.8,43.5,-1.5,26.2,25.6,26.7,0.56,2,3,1,0
29.7,42.1,-2.9,29.5,29.0,38.8,0.62,1,3,2,0
172.0,44.0,-1.0,87.0,47.2,24.9,0.22,1,3,1,1
8.5,46.1,1.1,24.4,6.3,9.6,0.57,2,2,3,0
28.2,46.0,1.0,21.4,3.5,20.0,0.47,3,1,3,0
20.7,44.2,-0.8,36.3,34.4,21.6,0.5,2,1,2,0
29.6,44.3,-0.7,25.2,1.5,27.9,0.64,3,2,3,0
33.1,46.2,1.2,34.8,5.6,10.2,0.38,3,3,3,0
21.9,44.5,-0.5,34.8,59.2,25.2,0.44,1,3,2,0
4.7,44.7,-0.3,24.5,54.5,28.7,0.57,2,1,1,0
172.6,50.9,5.9,86.2,5.7,14.6,0.6,2,1,3,1
13.7,43.9,-1.1,28.0,31.8,30.5,0.77,1,3,2,0
35.8,43.4,-1.6,34.2,1.1,19.5,0.34,2,1,3,0
3.8,40.4,-4.6,19.0,28.5,17.5,0.67,1,2,2,0
25.2,46.4,1.4,22.4,1.8,18.7,0.66,2,2,3,0
6.1,42.6,-2.4,23.2,59.8,25.7,0.64,1,1,1,0
122.2,49.3,4.3,72.7,8.7,10.1,0.66,2,2,3,1
23.4,43.5,-1.5,28.1,32.0,42.9,0.72,1,1,2,0
29.4,40.5,-4.5,25.9,31.1,33.9,0.47,2,2,2,0
21.5,43.1,-1.9,26.1,39.8,30.3,0.63,2,1,2,0
41.3,42.9,-2.1,45.8,30.9,19.1,0.66,1,1,2,0
9.8,43.9,-1.1,21.4,1.8,10.8,0.47,3,2,3,0
22.7,44.3,-0.7,23.7,0.1,7.6,0.59,2,2,3,0
37.9,46.2,1.2,38.6,5.3,28.0,0.52,2,3,3,0
2.5,44.1,-0.9,11.9,48.9,16.0,0.6,2,1,2,0
0.9,43.1,-1.9,26.0,4.5,28.0,0.54,3,1,3,0
2.0,44.5,-0.5,12.2,35.0,8.8,0.66,2,2,1,0
24.7,40.4,-4.6,25.8,34.6,44.4,0.42,2,2,2,0
101.7,49.3,4.3,57.1,8.4,32.5,0.31,2,2,3,1
32.6,45.2,0.2,23.1,1.7,32.5,0.59,2,1,3,0
13.2,40.2,-4.8,31.1,55.9,20.2,0.68,1,3,1,0
5.9,45.3,0.3,29.4,9.2,40.8,0.35,3,3,3,0
16.1,43.3,-1.7,21.0,48.4,15.6,0.69,1,2,2,0
8.2,43.3,-1.7,32.7,3.5,7.4,0.56,2,1,3,0
133.4,50.8,5.8,73.9,4.7,39.3,0.38,3,2,3,1
48.8,41.1,-3.9,39.8,47.9,36.2,0.75,1,1,1,0
23.1,43.4,-1.6,28.5,2.8,9.3,0.57,2,1,3,0
205.9,50.4,5.4,97.7,0.2,42.1,0.37,3,1,3,1
2.7,42.5,-2.5,13.0,40.1,30.9,0.51,1,3,2,0
30.4,40.9,-4.1,24.3,31.8,7.0,0.61,1,1,2,0
9.6,45.1,0.1,19.3,2.2,40.3,0.66,2,3,3,0
13.4,43.7,-1.3,31.1,38.7,18.9,0.48,1,2,1,0
23.8,42.5,-2.5,37.7,50.7,14.5,0.52,1,2,1,0
102.0,50.4,5.4,57.5,1.7,12.1,0.66,3,2,3,1
23.3,45.0,0.0,24.3,1.7,9.4,0.54,2,1,3,0
184.3,43.9,-1.1,93.5,54.2,19.0,0.17,1,3,1,1
15.1,42.3,-2.7,26.4,48.2,31.6,0.53,2,3,2,0
33.0,44.9,-0.1,33.2,28.9,14.8,0.46,1,3,1,0
5.4,44.6,-0.4,24.7,37.6,26.8,0.51,1,2,1,0
16.7,47.0,2.0,22.9,2.7,6.6,0.66,3,3,3,0
39.6,44.0,-1.0,28.0,54.2,5.3,0.54,1,3,2,0
22.3,43.7,-1.3,28.7,4.7,7.6,0.51,2,2,3,0
2.1,44.2,-0.8,19.4,4.5,31.4,0.41,2,1,3,0
20.1,46.8,1.8,29.3,2.5,43.1,0.65,3,3,3,0
137.5,42.9,-2.1,72.1,30.0,37.5,0.19,1,3,2,1
8.7,44.6,-0.4,31.0,39.8,37.2,0.57,1,1,2,0
3.4,45.3,0.3,23.9,2.5,26.8,0.52,3,2,3,0
17.9,42.5,-2.5,26.5,28.4,43.5,0.54,2,2,2,0
30.2,45.5,0.5,28.1,9.1,14.7,0.68,2,3,3,0
20.1,43.8,-1.2,34.2,29.5,40.0,0.4,2,2,1,0
13.3,43.4,-1.6,21.1,0.8,24.3,0.63,3,2,3,0
22.5,46.9,1.9,21.7,1.2,40.8,0.58,2,3,3,0
32.2,45.5,0.5,26.9,3.0,7.7,0.59,3,1,3,0
33.3,44.8,-0.2,24.4,5.2,9.9,0.38,2,2,3,0
43.0,44.1,-0.9,35.8,59.4,30.4,0.65,1,1,2,0
21.9,44.9,-0.1,24.6,8.2,31.7,0.37,2,3,3,0
23.2,41.9,-3.1,22.2,37.9,16.3,0.73,2,1,2,0
31.0,43.2,-1.8,40.5,25.4,43.5,0.42,2,2,1,0
10.5,42.5,-2.5,24.7,34.7,25.5,0.76,1,1,2,0
5.6,46.1,1.1,25.4,3.5,41.9,0.48,3,1,3,0
38.8,42.9,-2.1,28.1,38.2,18.0,0.61,2,3,1,0
8.0,40.2,-4.8,15.3,45.5,42.4,0.44,2,2,1,0
44.6,44.5,-0.5,36.2,51.6,7.6,0.7,1,3,1,0
42.0,43.8,-1.2,33.2,29.0,32.9,0.77,1,2,2,0
27.2,43.9,-1.1,35.7,9.9,22.4,0.38,2,3,3,0
8.1,46.2,1.2,31.1,0.9,19.4,0.55,2,2,3,0
33.1,45.0,0.0,30.4,3.4,41.0,0.38,3,1,3,0
5.1,45.1,0.1,14.1,4.4,24.9,0.65,3,1,3,0
43.6,42.0,-3.0,33.2,25.8,26.4,0.46,2,1,2,0
49.2,42.9,-2.1,30.3,39.0,21.9,0.66,1,1,1,0
16.5,41.0,-4.0,34.8,56.1,7.5,0.7,1,2,1,0
166.6,51.2,6.2,95.2,8.1,40.5,0.44,2,2,3,1
9.0,44.4,-0.6,23.2,2.7,36.3,0.34,2,1,3,0
21.4,46.4,1.4,32.2,9.3,34.5,0.61,2,3,3,0
6.9,42.1,-2.9,30.7,26.8,44.3,0.58,2,2,1,0
120.8,41.2,-3.8,73.4,31.8,37.3,0.18,2,3,1,1
2.3,43.2,-1.8,19.7,9.9,16.3,0.65,2,2,3,0
32.9,40.6,-4.4,24.7,46.1,42.5,0.66,1,1,2,0
18.3,42.2,-2.8,34.7,49.7,14.8,0.62,2,2,1,0
47.5,41.7,-3.3,30.6,49.4,41.5,0.59,1,3,1,0
31.5,43.1,-1.9,27.3,3.0,22.6,0.35,2,2,3,0
12.0,46.9,1.9,16.0,0.2,39.2,0.41,2,2,3,0
19.0,42.2,-2.8,28.2,25.7,31.4,0.66,2,1,2,0
37.9,44.1,-0.9,41.7,57.8,22.4,0.54,2,2,2,0
